{
  "engine": "tesseract_ocr",
  "level": "level3",
  "n_docs": 258,
  "n_drawings": 258,
  "train_size": 254,
  "test_size": 64,
  "accuracy": 0.734375,
  "classification_report": {
    "document": {
      "precision": 0.6956521739130435,
      "recall": 0.6153846153846154,
      "f1-score": 0.6530612244897959,
      "support": 26.0
    },
    "tech_drw": {
      "precision": 0.7560975609756098,
      "recall": 0.8157894736842105,
      "f1-score": 0.7848101265822784,
      "support": 38.0
    },
    "accuracy": 0.734375,
    "macro avg": {
      "precision": 0.7258748674443266,
      "recall": 0.715587044534413,
      "f1-score": 0.7189356755360372,
      "support": 64.0
    },
    "weighted avg": {
      "precision": 0.7315416224814422,
      "recall": 0.734375,
      "f1-score": 0.7312871351072074,
      "support": 64.0
    }
  },
  "tfidf_max_features": 5000,
  "logistic_regression_params": {
    "max_iter": 500,
    "solver": "lbfgs",
    "class_weight": "balanced",
    "random_state": 41
  }
}