{
  "engine": "tesseract_ocr",
  "level": "level2",
  "n_docs": 258,
  "n_drawings": 258,
  "train_size": 342,
  "test_size": 86,
  "accuracy": 0.8837209302325582,
  "classification_report": {
    "document": {
      "precision": 0.9047619047619048,
      "recall": 0.8636363636363636,
      "f1-score": 0.8837209302325582,
      "support": 44.0
    },
    "tech_drw": {
      "precision": 0.8636363636363636,
      "recall": 0.9047619047619048,
      "f1-score": 0.8837209302325582,
      "support": 42.0
    },
    "accuracy": 0.8837209302325582,
    "macro avg": {
      "precision": 0.8841991341991342,
      "recall": 0.8841991341991342,
      "f1-score": 0.8837209302325582,
      "support": 86.0
    },
    "weighted avg": {
      "precision": 0.8846773381657101,
      "recall": 0.8837209302325582,
      "f1-score": 0.8837209302325582,
      "support": 86.0
    }
  },
  "tfidf_max_features": 5000,
  "logistic_regression_params": {
    "max_iter": 500,
    "solver": "lbfgs",
    "class_weight": "balanced",
    "random_state": 41
  }
}