{
  "engine": "tesseract_ocr",
  "level": "level3",
  "total": 930,
  "correct": 6,
  "incorrect": 924,
  "accuracy": 0.0064516129032258064,
  "classification_report": {
    "bill_of_materials": {
      "precision": 1.0,
      "recall": 0.0125,
      "f1-score": 0.024691358024691357,
      "support": 160.0
    },
    "daily_report": {
      "precision": 1.0,
      "recall": 0.018867924528301886,
      "f1-score": 0.037037037037037035,
      "support": 159.0
    },
    "inspection_report": {
      "precision": 0.0,
      "recall": 0.0,
      "f1-score": 0.0,
      "support": 165.0
    },
    "maintenance_log": {
      "precision": 0.0,
      "recall": 0.0,
      "f1-score": 0.0,
      "support": 150.0
    },
    "other": {
      "precision": 0.0,
      "recall": 0.0,
      "f1-score": 0.0,
      "support": 0.0
    },
    "product_data_sheet": {
      "precision": 1.0,
      "recall": 0.006622516556291391,
      "f1-score": 0.013157894736842105,
      "support": 151.0
    },
    "quality_checklist": {
      "precision": 0.0,
      "recall": 0.0,
      "f1-score": 0.0,
      "support": 145.0
    },
    "accuracy": 0.0064516129032258064,
    "macro avg": {
      "precision": 0.42857142857142855,
      "recall": 0.005427205869227611,
      "f1-score": 0.010698041399795785,
      "support": 930.0
    },
    "weighted avg": {
      "precision": 0.5053763440860215,
      "recall": 0.0064516129032258064,
      "f1-score": 0.012716503524841574,
      "support": 930.0
    }
  }
}