{
  "engine": "easy_ocr",
  "level": "level3",
  "n_docs": 258,
  "n_drawings": 258,
  "train_size": 371,
  "test_size": 93,
  "accuracy": 0.8602150537634409,
  "classification_report": {
    "document": {
      "precision": 0.8888888888888888,
      "recall": 0.7804878048780488,
      "f1-score": 0.8311688311688312,
      "support": 41.0
    },
    "tech_drw": {
      "precision": 0.8421052631578947,
      "recall": 0.9230769230769231,
      "f1-score": 0.8807339449541285,
      "support": 52.0
    },
    "accuracy": 0.8602150537634409,
    "macro avg": {
      "precision": 0.8654970760233918,
      "recall": 0.851782363977486,
      "f1-score": 0.8559513880614799,
      "support": 93.0
    },
    "weighted avg": {
      "precision": 0.8627303024586556,
      "recall": 0.8602150537634409,
      "f1-score": 0.8588826582315781,
      "support": 93.0
    }
  },
  "tfidf_max_features": 5000,
  "logistic_regression_params": {
    "max_iter": 500,
    "solver": "lbfgs",
    "class_weight": "balanced",
    "random_state": 41
  }
}