{
  "engine": "easy_ocr",
  "level": "level3",
  "accuracy": 0.47635135135135137,
  "classification_report": {
    "bill_of_materials": {
      "precision": 0.46,
      "recall": 0.42592592592592593,
      "f1-score": 0.4423076923076923,
      "support": 54.0
    },
    "daily_report": {
      "precision": 0.3870967741935484,
      "recall": 0.6923076923076923,
      "f1-score": 0.496551724137931,
      "support": 52.0
    },
    "inspection_report": {
      "precision": 0.5833333333333334,
      "recall": 0.4117647058823529,
      "f1-score": 0.4827586206896552,
      "support": 51.0
    },
    "maintenance_log": {
      "precision": 0.5652173913043478,
      "recall": 0.3333333333333333,
      "f1-score": 0.41935483870967744,
      "support": 39.0
    },
    "product_data_sheet": {
      "precision": 0.5490196078431373,
      "recall": 0.5185185185185185,
      "f1-score": 0.5333333333333333,
      "support": 54.0
    },
    "quality_checklist": {
      "precision": 0.46511627906976744,
      "recall": 0.43478260869565216,
      "f1-score": 0.449438202247191,
      "support": 46.0
    },
    "accuracy": 0.47635135135135137,
    "macro avg": {
      "precision": 0.501630564290689,
      "recall": 0.4694387974439125,
      "f1-score": 0.4706240685709133,
      "support": 296.0
    },
    "weighted avg": {
      "precision": 0.4993409397961919,
      "recall": 0.47635135135135137,
      "f1-score": 0.4734965902297582,
      "support": 296.0
    }
  },
  "train_size": 1183,
  "test_size": 296,
  "tfidf_max_features": 1000,
  "tfidf_stop_words": null,
  "logistic_regression_params": {
    "max_iter": 1000,
    "solver": "lbfgs",
    "multi_class": "auto",
    "class_weight": "balanced",
    "random_state": 41
  },
  "cross_val_scores": [
    0.46621621621621623,
    0.4358108108108108,
    0.40540540540540543,
    0.43243243243243246,
    0.44745762711864406
  ],
  "cross_val_mean": 0.4374644983967018,
  "cross_val_std": 0.019911633349132197
}