{
  "engine": "easy_ocr",
  "level": "level2",
  "total": 1808,
  "correct": 486,
  "incorrect": 1322,
  "accuracy": 0.2688053097345133,
  "classification_report": {
    "bill_of_materials": {
      "precision": 1.0,
      "recall": 0.34210526315789475,
      "f1-score": 0.5098039215686274,
      "support": 304.0
    },
    "daily_report": {
      "precision": 1.0,
      "recall": 0.5548172757475083,
      "f1-score": 0.7136752136752137,
      "support": 301.0
    },
    "inspection_report": {
      "precision": 0.76,
      "recall": 0.12666666666666668,
      "f1-score": 0.21714285714285714,
      "support": 300.0
    },
    "maintenance_log": {
      "precision": 0.4375,
      "recall": 0.14,
      "f1-score": 0.21212121212121213,
      "support": 300.0
    },
    "other": {
      "precision": 0.0,
      "recall": 0.0,
      "f1-score": 0.0,
      "support": 0.0
    },
    "product_data_sheet": {
      "precision": 1.0,
      "recall": 0.45,
      "f1-score": 0.6206896551724138,
      "support": 300.0
    },
    "quality_checklist": {
      "precision": 0.0,
      "recall": 0.0,
      "f1-score": 0.0,
      "support": 303.0
    },
    "accuracy": 0.2688053097345133,
    "macro avg": {
      "precision": 0.5996428571428571,
      "recall": 0.2305127436531528,
      "f1-score": 0.3247761228114749,
      "support": 1808.0
    },
    "weighted avg": {
      "precision": 0.6992533185840708,
      "recall": 0.2688053097345133,
      "f1-score": 0.3787515203562207,
      "support": 1808.0
    }
  }
}