{
  "engine": "tesseract_ocr",
  "level": "level1",
  "accuracy": 0.994475138121547,
  "classification_report": {
    "bill_of_materials": {
      "precision": 1.0,
      "recall": 1.0,
      "f1-score": 1.0,
      "support": 61.0
    },
    "daily_report": {
      "precision": 1.0,
      "recall": 0.9833333333333333,
      "f1-score": 0.9915966386554622,
      "support": 60.0
    },
    "inspection_report": {
      "precision": 1.0,
      "recall": 1.0,
      "f1-score": 1.0,
      "support": 60.0
    },
    "maintenance_log": {
      "precision": 0.967741935483871,
      "recall": 1.0,
      "f1-score": 0.9836065573770492,
      "support": 60.0
    },
    "product_data_sheet": {
      "precision": 1.0,
      "recall": 1.0,
      "f1-score": 1.0,
      "support": 60.0
    },
    "quality_checklist": {
      "precision": 1.0,
      "recall": 0.9836065573770492,
      "f1-score": 0.9917355371900827,
      "support": 61.0
    },
    "accuracy": 0.994475138121547,
    "macro avg": {
      "precision": 0.9946236559139785,
      "recall": 0.9944899817850638,
      "f1-score": 0.9944897888704324,
      "support": 362.0
    },
    "weighted avg": {
      "precision": 0.9946533594724648,
      "recall": 0.994475138121547,
      "f1-score": 0.9944974020180821,
      "support": 362.0
    }
  },
  "train_size": 1444,
  "test_size": 362,
  "tfidf_max_features": 1000,
  "tfidf_stop_words": null,
  "logistic_regression_params": {
    "max_iter": 1000,
    "solver": "lbfgs",
    "multi_class": "auto",
    "class_weight": "balanced",
    "random_state": 41
  },
  "cross_val_scores": [
    0.9861878453038674,
    0.9833795013850416,
    0.9861495844875346,
    0.9944598337950139,
    0.96398891966759
  ],
  "cross_val_mean": 0.9828331369278095,
  "cross_val_std": 0.010127546702110439
}